first_name,last_name,email,gender,purchase_date
Roy,Abbott,RoyAbbott32@gmail.com,male,2017-08-18
Roberta,Acevedo,RA8063@gmail.com,female,2017-09-16
Vernon,Acosta,VAcosta1975@gmail.com,male,2017-07-20
Darren,Acosta,DAcosta1996@hotmail.com,male,2017-07-27
Dawn,Adkins,Dawn.Adkins@gmail.com,female,2017-08-24
Ray,Adkins,RAdkins1997@gmail.com,male,2017-08-13
Anna,Aguilar,AA9306@gmail.com,female,2017-09-16
Michele,Albert,MA7730@gmail.com,female,2017-09-10
Joel,Alvarado,JA8797@gmail.com,male,2017-07-08
Cheryl,Ashley,CAshley1996@gmail.com,female,2017-09-02
Roberta,Atkins,Roberta.Atkins@gmail.com,female,2017-08-17
Ashley,Avila,AAvila1987@gmail.com,female,2017-09-04
Sylvia,Ball,SB3116@gmail.com,female,2017-09-18
Jesse,Ballard,JBallard1991@gmail.com,male,2017-09-28
Margie,Ballard,MBallard1997@outlook.com,female,2017-08-08
Arnold,Ballard,ABallard1998@hotmail.com,male,2017-08-16
Claire,Barker,CBarker1997@gmail.com,female,2017-07-19
Robert,Barr,RobertBarr30@gmail.com,male,2017-10-02
Dwight,Barrera,DwightBarrera96@outlook.com,male,2017-10-01
Ivan,Barron,IB8386@hotmail.com,male,2017-08-14
Marlene,Barron,MBarron1979@yahoo.com,female,2017-07-15
Shirley,Bass,SBass1970@gmail.com,female,2017-08-08
Marcus,Bauer,Marcus.Bauer@gmail.com,male,2017-07-05
Gilbert,Beach,GB3436@outlook.com,male,2017-07-25
Armando,Bender,Armando.Bender@gmail.com,male,2017-07-13
Jonathan,Benjamin,JonathanBenjamin38@gmail.com,male,2017-08-21
Gene,Berg,GBerg1984@gmail.com,male,2017-07-22
Lena,Bernard,LenaBernard15@gmail.com,female,2017-08-17
Leslie,Bernard,LeslieBernard55@gmail.com,male,2017-07-26
Franklin,Bernard,FranklinBernard26@gmail.com,male,2017-08-04
Billy,Best,BBest1996@gmail.com,male,2017-09-18
Julie,Blanchard,JulieBlanchard9@yahoo.com,female,2017-07-12
Derek,Bond,DB7934@gmail.com,male,2017-08-03
Marian,Bond,MBond1974@gmail.com,female,2017-08-16
Sam,Bond,SamBond90@gmail.com,male,2017-07-13
Crystal,Booker,CB8484@gmail.com,female,2017-09-16
Kevin,Boone,KevinBoone73@gmail.com,male,2017-07-11
Norman,Bowen,NB3860@gmail.com,male,2017-08-21
Josephine,Bowen,JosephineBowen65@gmail.com,female,2017-10-04
Edward,Bowen,Edward.Bowen@gmail.com,male,2017-07-04
Isaac,Bradford,Isaac.Bradford@gmail.com,male,2017-07-16
Daryl,Bradshaw,DarylBradshaw61@gmail.com,male,2017-07-21
Ken,Branch,KenBranch1@gmail.com,male,2017-08-21
Suzanne,Bray,SB5572@gmail.com,female,2017-08-06
Sean,Brennan,SB7850@outlook.com,male,2017-08-30
Cynthia,Brennan,CBrennan1991@gmail.com,female,2017-09-11
Lonnie,Brennan,Lonnie.Brennan@gmail.com,male,2017-07-17
Tracy,Briggs,Tracy.Briggs@aol.com,female,2017-10-06
Danielle,Bright,DBright1989@gmail.com,female,2017-09-05
Shane,Bruce,SBruce1989@gmail.com,male,2017-07-06
Herman,Buchanan,HBuchanan1995@gmail.com,male,2017-09-22
Maurice,Bullock,MB6098@gmail.com,male,2017-09-06
Michael,Burks,MB9820@gmail.com,male,2017-07-13
Dorothy,Burris,DB5797@hotmail.com,female,2017-09-09
Jesse,Burris,JesseBurris72@gmail.com,male,2017-09-18
Everett,Burt,EB8492@gmail.com,male,2017-08-18
Ted,Burt,TBurt1974@gmail.com,male,2017-08-04
Frederick,Byers,FrederickByers40@gmail.com,male,2017-07-31
Sylvia,Byers,SByers1976@gmail.com,female,2017-10-05
Terry,Byers,TerryByers71@gmail.com,male,2017-09-04
Ross,Cabrera,Ross.Cabrera@gmail.com,male,2017-08-11
Sarah,Cain,Sarah.Cain@gmail.com,female,2017-09-17
Tim,Camacho,Tim.Camacho@aol.com,male,2017-09-05
Miriam,Cannon,MCannon1991@gmail.com,female,2017-09-08
Raymond,Cantrell,Raymond.Cantrell@gmail.com,male,2017-09-18
Lillian,Cantrell,Lillian.Cantrell@gmail.com,female,2017-10-01
Katie,Cardenas,KatieCardenas30@hotmail.com,female,2017-07-28
Danny,Carey,DCarey1976@gmail.com,male,2017-07-11
Cecil,Carney,CecilCarney65@gmail.com,male,2017-08-14
Darrell,Carrillo,DarrellCarrillo76@gmail.com,male,2017-10-02
Julian,Carver,JulianCarver69@gmail.com,male,2017-10-02
Nelson,Cash,NelsonCash44@gmail.com,male,2017-07-18
Billy,Castaneda,BillyCastaneda4@gmail.com,male,2017-09-27
Bonnie,Chan,BChan1976@gmail.com,female,2017-09-28
Marie,Chandler,MChandler1977@gmail.com,female,2017-08-29
Jacqueline,Chaney,JC7637@gmail.com,female,2017-08-28
Shelly,Charles,SCharles1992@gmail.com,female,2017-09-28
Ricky,Charles,RC9795@gmail.com,male,2017-09-23
Wesley,Chase,WesleyChase63@gmail.com,male,2017-08-18
Victoria,Chen,VictoriaChen33@gmail.com,female,2017-09-07
Eileen,Chen,EChen1981@outlook.com,female,2017-07-17
Evelyn,Christian,EC3979@hotmail.com,female,2017-08-12
Johnnie,Christian,Johnnie.Christian@hotmail.com,male,2017-08-09
Allan,Church,Allan.Church@gmail.com,male,2017-08-12
Tracey,Clemons,Tracey.Clemons@gmail.com,female,2017-09-19
Ida,Clemons,Ida.Clemons@gmail.com,female,2017-07-29
Oscar,Cleveland,OscarCleveland82@outlook.com,male,2017-09-30
Jonathan,Cobb,JCobb1981@gmail.com,male,2017-07-16
Joyce,Cochran,JoyceCochran79@gmail.com,female,2017-09-03
Nicholas,Cohen,NC6032@outlook.com,male,2017-09-21
Nora,Collier,NoraCollier26@gmail.com,female,2017-07-20
Alice,Compton,AC3144@gmail.com,female,2017-07-11
Heidi,Conley,HeidiConley37@hotmail.com,female,2017-07-24
Jo,Conner,JConner1999@gmail.com,female,2017-08-12
Sam,Conrad,SConrad1974@gmail.com,male,2017-09-12
Lena,Cooke,LCooke1996@gmail.com,female,2017-08-13
Lester,Cooke,LC9371@gmail.com,male,2017-08-15
Billy,Cooke,BCooke1995@gmail.com,male,2017-09-19
Adrian,Cooley,AdrianCooley75@gmail.com,male,2017-08-08
Perry,Cortez,PerryCortez82@gmail.com,male,2017-07-18
Bonnie,Cotton,BCotton1971@gmail.com,female,2017-08-31
Corey,Crosby,CC2695@gmail.com,male,2017-09-21
Jo,Cross,JC6202@gmail.com,female,2017-09-21
Harry,Dale,HarryDale81@hotmail.com,male,2017-09-04
Esther,Dalton,ED7197@gmail.com,female,2017-07-27
Myrtle,Daugherty,MDaugherty1988@gmail.com,female,2017-08-30
Audrey,Davenport,AudreyDavenport88@gmail.com,female,2017-09-10
Connie,David,CD1902@aol.com,female,2017-09-19
Julie,Decker,Julie.Decker@gmail.com,female,2017-07-16
Manuel,Decker,MDecker1991@gmail.com,male,2017-09-26
Roland,Decker,RD7623@gmail.com,male,2017-09-14
Terri,Delaney,Terri.Delaney@gmail.com,female,2017-09-27
Richard,Delaney,RD6859@gmail.com,male,2017-07-24
Francisco,Deleon,FranciscoDeleon24@gmail.com,male,2017-08-07
Gladys,Dickson,Gladys.Dickson@gmail.com,female,2017-08-30
Earl,Dominguez,EDominguez1987@outlook.com,male,2017-08-24
Florence,Dominguez,FDominguez1976@gmail.com,female,2017-07-20
Terrence,Dorsey,Terrence.Dorsey@outlook.com,male,2017-08-26
Marion,Dorsey,MDorsey1979@gmail.com,male,2017-07-14
Ellen,Doyle,EllenDoyle61@gmail.com,female,2017-08-19
Pamela,Drake,Pamela.Drake@outlook.com,female,2017-08-09
Regina,Drake,RDrake1996@gmail.com,female,2017-09-09
Jennie,Duran,JD7223@gmail.com,female,2017-10-03
Leroy,Durham,LDurham1979@gmail.com,male,2017-07-27
Marilyn,England,ME5968@gmail.com,female,2017-07-22
Deborah,Espinoza,Deborah.Espinoza@gmail.com,female,2017-10-03
Billie,Ewing,BillieEwing74@gmail.com,female,2017-08-06
Jenny,Ewing,Jenny.Ewing@outlook.com,female,2017-07-11
Colleen,Farley,ColleenFarley70@gmail.com,female,2017-08-25
Felicia,Farrell,Felicia.Farrell@gmail.com,female,2017-10-03
Ramon,Faulkner,RF3327@gmail.com,male,2017-07-18
Chester,Finley,CFinley1995@gmail.com,male,2017-09-22
Suzanne,Fischer,Suzanne.Fischer@gmail.com,female,2017-09-05
Christina,Fischer,ChristinaFischer28@gmail.com,female,2017-09-28
Jackie,Fitzpatrick,Jackie.Fitzpatrick@gmail.com,female,2017-09-10
Derek,Flynn,DFlynn1990@gmail.com,male,2017-07-22
Gertrude,Franco,GF5916@gmail.com,female,2017-07-19
Robin,Frank,RF9058@hotmail.com,female,2017-10-08
Megan,French,Megan.French@gmail.com,female,2017-09-29
Kathy,Fry,KF4944@gmail.com,female,2017-09-20
Angela,Fry,AngelaFry83@gmail.com,female,2017-08-23
Dawn,Fry,DFry1990@gmail.com,female,2017-10-02
Marvin,Fry,MFry1979@gmail.com,male,2017-09-28
Terrance,Fuentes,TerranceFuentes51@outlook.com,male,2017-09-27
Sara,Fulton,SF3973@gmail.com,female,2017-08-19
Eugene,Fulton,EFulton1997@outlook.com,male,2017-08-17
Patsy,Galloway,PG5937@gmail.com,female,2017-09-28
Jon,Galloway,JG7663@gmail.com,male,2017-09-18
Tanya,Gamble,TGamble1975@gmail.com,female,2017-08-08
Martha,Garner,Martha.Garner@gmail.com,female,2017-08-03
Chris,Gay,CG2429@gmail.com,male,2017-08-12
Michael,Gibbs,MG3161@hotmail.com,male,2017-10-03
Freddie,Giles,FGiles1984@gmail.com,male,2017-09-23
Melissa,Gill,MelissaGill70@gmail.com,female,2017-08-03
Tamara,Gilmore,TGilmore1988@outlook.com,female,2017-07-28
Brenda,Glover,BG7293@gmail.com,female,2017-07-31
Claude,Glover,ClaudeGlover26@gmail.com,male,2017-08-29
Christopher,Goff,Christopher.Goff@gmail.com,male,2017-08-06
Louise,Goff,LG6831@yahoo.com,female,2017-08-28
Joseph,Golden,JGolden1990@gmail.com,male,2017-09-02
Colleen,Goodwin,Colleen.Goodwin@gmail.com,female,2017-07-21
Bernice,Greer,BerniceGreer23@gmail.com,female,2017-09-24
Michelle,Guerra,MG4660@gmail.com,female,2017-09-10
Nellie,Guerrero,Nellie.Guerrero@gmail.com,female,2017-08-25
Marvin,Guerrero,MarvinGuerrero13@gmail.com,male,2017-07-26
Erika,Guthrie,ErikaGuthrie24@gmail.com,female,2017-09-13
Norma,Guy,NormaGuy96@gmail.com,female,2017-07-13
Virginia,Hahn,VHahn1970@gmail.com,female,2017-07-14
Diana,Hahn,DianaHahn69@outlook.com,female,2017-08-21
Calvin,Haney,Calvin.Haney@gmail.com,male,2017-09-02
Todd,Haney,ToddHaney40@hotmail.com,male,2017-07-24
Wayne,Harrell,Wayne.Harrell@gmail.com,male,2017-09-15
Connie,Harrell,CHarrell1988@gmail.com,female,2017-09-25
Marcus,Harrell,MH1955@gmail.com,male,2017-09-04
Sonia,Harrell,SoniaHarrell53@gmail.com,female,2017-07-14
Irene,Hatfield,IHatfield1977@gmail.com,female,2017-08-08
Betty,Hatfield,BH4868@gmail.com,female,2017-09-03
Christian,Hayden,ChristianHayden96@gmail.com,male,2017-09-04
Justin,Hayden,JHayden1985@gmail.com,male,2017-07-18
Barry,Hebert,BHebert1981@gmail.com,male,2017-07-17
Thelma,Hebert,Thelma.Hebert@gmail.com,female,2017-08-18
Alex,Hebert,AlexHebert17@gmail.com,male,2017-08-18
Bryan,Hendricks,BryanHendricks71@outlook.com,male,2017-07-14
Jim,Hensley,JimHensley19@gmail.com,male,2017-08-31
Gina,Hensley,GinaHensley42@gmail.com,female,2017-07-12
Brian,Herman,BHerman1970@gmail.com,male,2017-07-28
Ronald,Herman,RHerman1974@gmail.com,male,2017-08-04
Maureen,Herring,MH3207@gmail.com,female,2017-08-18
Freddie,Hess,FH6835@gmail.com,male,2017-07-31
Jill,Hess,JillHess22@gmail.com,female,2017-07-06
Dawn,Hester,DawnHester85@gmail.com,female,2017-09-05
Connie,Hester,CH9051@gmail.com,female,2017-07-14
Judy,Hickman,Judy.Hickman@outlook.com,female,2017-07-06
Anthony,Higgins,Anthony.Higgins@aol.com,male,2017-08-08
Javier,Hinton,JHinton1994@gmail.com,male,2017-07-17
Jim,Hodge,JimHodge68@gmail.com,male,2017-08-26
Stephanie,Hogan,SHogan1999@outlook.com,female,2017-09-09
Mildred,Hogan,Mildred.Hogan@gmail.com,female,2017-10-03
Cathy,Holcomb,CH2376@gmail.com,female,2017-09-22
Bradley,Holcomb,BH9379@gmail.com,male,2017-08-27
Jessie,Holder,JessieHolder15@gmail.com,female,2017-09-08
Stephanie,Holloway,SH6194@aol.com,female,2017-10-03
Edna,Holman,EH2087@gmail.com,female,2017-08-30
Debbie,Hooper,Debbie.Hooper@gmail.com,female,2017-10-01
Kimberly,Hooper,KH2547@gmail.com,female,2017-07-08
Eddie,Hoover,EddieHoover42@gmail.com,male,2017-09-06
Rafael,Hoover,RHoover1979@gmail.com,male,2017-09-28
Mike,Horn,MH2633@gmail.com,male,2017-07-13
Rafael,Horn,RafaelHorn10@outlook.com,male,2017-07-22
Nelson,Horn,NHorn1988@gmail.com,male,2017-08-08
Danielle,Horne,DHorne1985@hotmail.com,female,2017-07-17
Tyrone,Horne,TyroneHorne61@gmail.com,male,2017-10-04
Alice,Houston,AH6808@gmail.com,female,2017-09-13
Penny,Huff,PH9663@gmail.com,female,2017-07-20
Randy,Huffman,Randy.Huffman@gmail.com,male,2017-09-02
Ben,Humphrey,BenHumphrey18@outlook.com,male,2017-08-17
Suzanne,Humphrey,SuzanneHumphrey4@gmail.com,female,2017-09-18
Pamela,Hurst,PHurst1997@gmail.com,female,2017-07-06
Sheila,Hyde,Sheila.Hyde@gmail.com,female,2017-09-21
Betty,Hyde,BettyHyde8@gmail.com,female,2017-07-29
Dwight,Ingram,DIngram1974@hotmail.com,male,2017-07-16
Nathaniel,Irwin,Nathaniel.Irwin@gmail.com,male,2017-08-04
Sam,Jarvis,Sam.Jarvis@gmail.com,male,2017-07-20
Theodore,Jarvis,TheodoreJarvis48@hotmail.com,male,2017-10-01
Enrique,Jefferson,EnriqueJefferson51@gmail.com,male,2017-08-16
Bessie,Joyner,Bessie.Joyner@gmail.com,female,2017-08-21
Jeff,Kane,JeffKane30@gmail.com,male,2017-08-29
Alexander,Keith,AKeith1995@gmail.com,male,2017-09-10
Stephen,Keith,SKeith1989@aol.com,male,2017-07-14
Darlene,Kent,DKent1992@gmail.com,female,2017-09-08
Ethel,Kent,Ethel.Kent@gmail.com,female,2017-08-23
Debbie,Kerr,DKerr1989@gmail.com,female,2017-09-06
Frances,Kerr,FK7982@gmail.com,female,2017-09-15
Tiffany,Kidd,TK6890@yahoo.com,female,2017-08-13
Floyd,Kinney,FKinney1978@gmail.com,male,2017-08-01
Nellie,Kirk,NKirk1988@gmail.com,female,2017-09-26
Scott,Kirk,ScottKirk88@gmail.com,male,2017-08-28
Jeffery,Klein,JK2140@yahoo.com,male,2017-08-16
Mae,Klein,MaeKlein73@gmail.com,female,2017-09-21
Roger,Knapp,RK7680@gmail.com,male,2017-07-03
Douglas,Knapp,DK1806@gmail.com,male,2017-09-25
Wallace,Knowles,WK9520@gmail.com,male,2017-07-21
Floyd,Knowles,FK8054@gmail.com,male,2017-09-01
Louise,Knowles,LouiseKnowles89@gmail.com,female,2017-09-26
Kurt,Knox,KK8989@gmail.com,male,2017-09-11
Marvin,Knox,MarvinKnox28@gmail.com,male,2017-09-13
Marie,Knox,MKnox1994@gmail.com,female,2017-07-30
Sally,Koch,SK8656@gmail.com,female,2017-09-23
Lisa,Kramer,Lisa.Kramer@gmail.com,female,2017-07-18
Jeremy,Lamb,JLamb1984@gmail.com,male,2017-09-23
Alice,Lara,ALara1996@gmail.com,female,2017-08-05
Gordon,Le,GordonLe26@gmail.com,male,2017-09-15
Martha,Levy,Martha.Levy@gmail.com,female,2017-07-16
Milton,Lindsay,Milton.Lindsay@gmail.com,male,2017-07-23
Harvey,Lindsay,HL6831@gmail.com,male,2017-09-08
Sue,Livingston,SueLivingston45@gmail.com,female,2017-08-05
Cecil,Lloyd,CecilLloyd37@yahoo.com,male,2017-07-30
Justin,Luna,JustinLuna88@gmail.com,male,2017-08-06
Allen,Luna,Allen.Luna@gmail.com,male,2017-07-24
Monica,Lynn,MonicaLynn30@gmail.com,female,2017-08-24
Dwight,Lyons,DL5159@gmail.com,male,2017-07-12
Velma,Maldonado,Velma.Maldonado@gmail.com,female,2017-10-01
Jeffery,Malone,JM7923@gmail.com,male,2017-08-16
Erika,Manning,EM9357@gmail.com,female,2017-07-12
Laurie,Marks,Laurie.Marks@gmail.com,female,2017-09-28
Becky,Marsh,BeckyMarsh94@outlook.com,female,2017-08-07
Terrance,Massey,Terrance.Massey@gmail.com,male,2017-07-12
Alicia,Maxwell,AM3940@hotmail.com,female,2017-09-23
Alex,Maxwell,Alex.Maxwell@gmail.com,male,2017-07-10
Toni,Mayer,TM1915@gmail.com,female,2017-08-24
Angela,Mayer,Angela.Mayer@gmail.com,female,2017-08-05
Pamela,Maynard,Pamela.Maynard@gmail.com,female,2017-09-23
Rick,Mccarthy,RickMccarthy30@gmail.com,male,2017-10-01
Claude,Mccarty,Claude.Mccarty@gmail.com,male,2017-09-13
Karl,Mcclain,KarlMcclain54@gmail.com,male,2017-09-26
Dean,Mcconnell,DeanMcconnell23@gmail.com,male,2017-07-28
Joyce,Mcconnell,JoyceMcconnell51@gmail.com,female,2017-08-30
Melvin,Mccray,MelvinMccray36@gmail.com,male,2017-10-05
Lorraine,Mccullough,LorraineMccullough85@gmail.com,female,2017-09-07
Jimmie,Mcdowell,Jimmie.Mcdowell@gmail.com,male,2017-08-29
Antonio,Mcguire,AM3833@gmail.com,male,2017-07-13
Grace,Mcguire,GMcguire1978@gmail.com,female,2017-09-26
Tamara,Mcintosh,TMcintosh1978@gmail.com,female,2017-08-19
Glenn,Mcintyre,GMcintyre1978@gmail.com,male,2017-07-09
Nora,Mckenzie,NoraMckenzie26@gmail.com,female,2017-08-24
Regina,Mckenzie,RM3370@yahoo.com,female,2017-07-07
Ken,Mckenzie,KenMckenzie32@gmail.com,male,2017-07-07
Manuel,Mclean,ManuelMclean77@gmail.com,male,2017-08-12
Allen,Mcleod,AMcleod1983@yahoo.com,male,2017-08-23
Kimberly,Mcmillan,KM1045@gmail.com,female,2017-09-25
Teresa,Meadows,TM4032@outlook.com,female,2017-09-03
Tracy,Meadows,TracyMeadows48@gmail.com,female,2017-07-10
Courtney,Mejia,CourtneyMejia85@gmail.com,female,2017-07-16
Gail,Melendez,GailMelendez46@gmail.com,female,2017-09-05
Jo,Mercer,JoMercer27@outlook.com,female,2017-09-28
Kathleen,Mercer,Kathleen.Mercer@outlook.com,female,2017-08-10
Ben,Mercer,BenMercer9@gmail.com,male,2017-07-30
Tanya,Merritt,Tanya.Merritt@gmail.com,female,2017-09-25
Juanita,Meyers,JMeyers1998@gmail.com,female,2017-08-20
Leonard,Middleton,LeonardMiddleton45@gmail.com,male,2017-08-18
Cory,Middleton,CMiddleton1987@gmail.com,male,2017-09-15
Steve,Middleton,SM5586@gmail.com,male,2017-09-17
Bryan,Miranda,Bryan.Miranda@outlook.com,male,2017-09-25
Enrique,Montoya,EMontoya1980@gmail.com,male,2017-09-25
Joan,Montoya,JoanMontoya67@gmail.com,female,2017-07-31
Darren,Montoya,Darren.Montoya@gmail.com,male,2017-08-06
Claire,Moody,CM7552@gmail.com,female,2017-08-11
Brett,Moon,BM2281@gmail.com,male,2017-09-04
Erin,Moon,Erin.Moon@gmail.com,female,2017-07-13
Heidi,Mooney,Heidi.Mooney@gmail.com,female,2017-08-20
Carrie,Morin,CarrieMorin14@gmail.com,female,2017-08-17
Terry,Morrow,TMorrow1995@gmail.com,female,2017-07-21
Tonya,Morrow,Tonya.Morrow@gmail.com,female,2017-08-28
Enrique,Moss,EMoss1996@gmail.com,male,2017-09-25
Sheila,Mullen,SM6790@gmail.com,female,2017-08-25
Karl,Mullins,KarlMullins43@gmail.com,male,2017-09-30
Jeremy,Munoz,JeremyMunoz92@gmail.com,male,2017-08-13
Valerie,Munoz,VMunoz1998@gmail.com,female,2017-07-06
Marion,Newton,MarionNewton18@gmail.com,female,2017-08-20
Shane,Newton,SN4718@gmail.com,male,2017-08-17
David,Nicholson,DN4645@outlook.com,male,2017-09-05
Diana,Nixon,DNixon1998@gmail.com,female,2017-09-13
Alma,Noble,ANoble1989@gmail.com,female,2017-08-25
Patrick,Nolan,PatrickNolan76@gmail.com,male,2017-08-09
Megan,Norman,MN3984@gmail.com,female,2017-07-18
Lloyd,Nunez,LloydNunez49@gmail.com,male,2017-08-10
Julian,Odom,Julian.Odom@gmail.com,male,2017-08-20
Walter,Ortega,Walter.Ortega@hotmail.com,male,2017-09-11
Jamie,Owen,JO7076@aol.com,female,2017-07-13
Travis,Owen,TravisOwen92@gmail.com,male,2017-07-19
Glenn,Park,Glenn.Park@gmail.com,male,2017-09-08
Anita,Parrish,AParrish1986@gmail.com,female,2017-08-27
Nina,Pate,NP7576@hotmail.com,female,2017-09-19
Oscar,Patel,OP8915@gmail.com,male,2017-08-21
Shelly,Patel,SP3757@gmail.com,female,2017-07-27
Virgil,Patton,VirgilPatton92@gmail.com,male,2017-08-17
Leah,Patton,LPatton1972@gmail.com,female,2017-08-15
Johnny,Peck,JP2181@gmail.com,male,2017-09-24
Louise,Petty,LP9278@gmail.com,female,2017-08-26
Miriam,Phelps,MiriamPhelps13@gmail.com,female,2017-09-15
Tonya,Pollard,TPollard1978@gmail.com,female,2017-07-26
Ivan,Poole,IP5980@outlook.com,male,2017-07-14
Marshall,Potter,MP2745@gmail.com,male,2017-07-14
Courtney,Potter,CP5274@gmail.com,female,2017-08-08
Greg,Pratt,GPratt1979@gmail.com,male,2017-10-04
Elsie,Preston,ElsiePreston99@gmail.com,female,2017-07-30
Amy,Prince,AP9509@hotmail.com,female,2017-09-20
Bobby,Puckett,BobbyPuckett89@gmail.com,male,2017-08-05
Carolyn,Pugh,Carolyn.Pugh@yahoo.com,female,2017-08-01
Adam,Quinn,AdamQuinn19@gmail.com,male,2017-09-07
Claudia,Randall,CRandall1988@gmail.com,female,2017-09-10
Paul,Rasmussen,PR5705@gmail.com,male,2017-09-08
Agnes,Raymond,AR4756@aol.com,female,2017-07-18
Charlene,Reilly,Charlene.Reilly@gmail.com,female,2017-10-09
Diane,Reilly,Diane.Reilly@outlook.com,female,2017-08-03
Benjamin,Richard,BRichard1973@gmail.com,male,2017-08-20
Fernando,Riddle,FR2968@gmail.com,male,2017-10-01
Maxine,Riddle,Maxine.Riddle@yahoo.com,female,2017-08-18
Bessie,Riggs,Bessie.Riggs@gmail.com,female,2017-10-04
Agnes,Rocha,AR2494@gmail.com,female,2017-10-07
Tamara,Rodgers,Tamara.Rodgers@gmail.com,female,2017-07-31
Marshall,Rojas,Marshall.Rojas@gmail.com,male,2017-07-25
Annie,Rollins,ARollins1993@outlook.com,female,2017-08-13
Veronica,Rowland,VR1417@yahoo.com,female,2017-07-21
Myrtle,Russo,Myrtle.Russo@gmail.com,female,2017-07-23
Terry,Rutledge,Terry.Rutledge@gmail.com,female,2017-09-27
Terrance,Sampson,TS9614@gmail.com,male,2017-08-11
Terrence,Sandoval,TS7554@gmail.com,male,2017-09-10
Vernon,Sanford,VSanford1995@hotmail.com,male,2017-08-25
Erika,Santana,ErikaSantana70@hotmail.com,female,2017-08-09
Benjamin,Saunders,BS9156@gmail.com,male,2017-09-23
Lydia,Saunders,Lydia.Saunders@outlook.com,female,2017-07-20
Sharon,Sawyer,SSawyer1989@gmail.com,female,2017-09-28
Sara,Schneider,Sara.Schneider@hotmail.com,female,2017-08-28
Philip,Schroeder,PSchroeder1992@gmail.com,male,2017-08-09
Terrence,Schroeder,Terrence.Schroeder@gmail.com,male,2017-10-01
Christian,Serrano,Christian.Serrano@hotmail.com,male,2017-09-24
Harold,Serrano,HSerrano1999@gmail.com,male,2017-09-24
Evelyn,Sherman,ESherman1979@gmail.com,female,2017-09-12
Julian,Simon,JS8020@gmail.com,male,2017-08-09
Stephen,Skinner,SS8171@gmail.com,male,2017-09-10
Albert,Skinner,AlbertSkinner98@gmail.com,male,2017-08-07
Brandy,Sloan,BrandySloan36@gmail.com,female,2017-07-26
Arnold,Snow,ArnoldSnow92@gmail.com,male,2017-10-07
Marilyn,Snow,MarilynSnow1@gmail.com,female,2017-08-13
Constance,Solis,CSolis1994@gmail.com,female,2017-08-04
Kristen,Solomon,KristenSolomon21@outlook.com,female,2017-08-31
Rosa,Solomon,RSolomon1998@gmail.com,female,2017-09-26
Albert,Sosa,AlbertSosa1@hotmail.com,male,2017-09-14
Michael,Spence,Michael.Spence@outlook.com,male,2017-08-20
Luis,Spence,LS7900@gmail.com,male,2017-09-25
Pauline,Stafford,PaulineStafford3@gmail.com,female,2017-09-19
Edgar,Stevenson,ES2074@gmail.com,male,2017-09-25
Florence,Stout,Florence.Stout@gmail.com,female,2017-09-03
Erika,Strong,ES6441@gmail.com,female,2017-08-11
Beatrice,Stuart,BStuart1992@outlook.com,female,2017-09-16
Derek,Stuart,DS5666@gmail.com,male,2017-08-31
Lonnie,Suarez,LSuarez1974@gmail.com,male,2017-08-02
Curtis,Sweeney,Curtis.Sweeney@gmail.com,male,2017-08-20
Don,Sykes,Don.Sykes@gmail.com,male,2017-07-08
Paula,Tate,Paula.Tate@yahoo.com,female,2017-08-26
Frederick,Terrell,FT8626@outlook.com,male,2017-09-02
Lisa,Thornton,Lisa.Thornton@hotmail.com,female,2017-08-14
Arlene,Townsend,ATownsend1972@gmail.com,female,2017-07-31
Bill,Tran,BTran1979@gmail.com,male,2017-07-28
Leon,Travis,LTravis1974@gmail.com,male,2017-09-21
Leslie,Trujillo,LTrujillo1989@gmail.com,male,2017-08-02
Oscar,Trujillo,Oscar.Trujillo@gmail.com,male,2017-08-18
Karl,Valdez,KV1460@gmail.com,male,2017-09-11
Alberto,Valentine,AValentine1970@gmail.com,male,2017-08-26
Amy,Valenzuela,Amy.Valenzuela@gmail.com,female,2017-09-22
Fred,Vang,FredVang90@hotmail.com,male,2017-08-17
Jane,Vaughan,JVaughan1988@gmail.com,female,2017-07-26
Joel,Vaughan,JoelVaughan26@gmail.com,male,2017-09-29
Eric,Vega,EV2227@gmail.com,male,2017-07-29
Jaime,Velazquez,JVelazquez1976@outlook.com,male,2017-09-23
Glenn,Villarreal,Glenn.Villarreal@gmail.com,male,2017-08-19
Adrian,Villarreal,Adrian.Villarreal@gmail.com,male,2017-07-25
Rita,Vinson,RitaVinson48@gmail.com,female,2017-07-20
Kelly,Wall,KW8630@gmail.com,female,2017-08-10
Nancy,Waller,NancyWaller93@gmail.com,female,2017-08-21
Billie,Walls,BW8914@gmail.com,female,2017-07-25
Julio,Walsh,JWalsh1972@gmail.com,male,2017-08-01
Max,Warner,MW4916@gmail.com,male,2017-09-24
Alexander,Webster,Alexander.Webster@outlook.com,male,2017-07-20
Regina,Webster,RWebster1980@gmail.com,female,2017-09-03
Kathy,Weeks,KWeeks1983@yahoo.com,female,2017-10-10
Christy,Weiss,ChristyWeiss59@gmail.com,female,2017-08-01
Marilyn,Whitaker,MWhitaker1993@gmail.com,female,2017-07-23
Juanita,Whitaker,Juanita.Whitaker@gmail.com,female,2017-09-18
Keith,Whitaker,KWhitaker1978@gmail.com,male,2017-08-17
Velma,Whitfield,Velma.Whitfield@gmail.com,female,2017-08-30
Melinda,Whitfield,MW7937@gmail.com,female,2017-08-11
Lillie,Whitfield,LillieWhitfield83@gmail.com,female,2017-08-12
Sonia,Whitney,SWhitney1994@outlook.com,female,2017-08-30
Darren,Whitney,DWhitney1970@hotmail.com,male,2017-09-20
Brandon,Wiggins,BrandonWiggins78@gmail.com,male,2017-07-07
April,Wilcox,April.Wilcox@gmail.com,female,2017-08-11
Gertrude,Wilkerson,Gertrude.Wilkerson@yahoo.com,female,2017-08-29
Victoria,Wilkerson,VW5128@gmail.com,female,2017-08-14
Mae,Witt,MWitt1976@gmail.com,female,2017-08-18
Alice,Witt,AWitt1990@yahoo.com,female,2017-10-05
Christian,Wolfe,CWolfe1990@gmail.com,male,2017-08-31
Lloyd,Wong,LWong1999@gmail.com,male,2017-08-23
Benjamin,Wong,BW7382@gmail.com,male,2017-08-31
Rosa,Woodard,RosaWoodard27@outlook.com,female,2017-09-14
Gary,Yang,GY3609@gmail.com,male,2017-08-19
Sharon,Yates,Sharon.Yates@gmail.com,female,2017-07-22
Billie,Yates,BillieYates91@hotmail.com,female,2017-08-10
Jeffery,Zamora,JZ2811@gmail.com,male,2017-07-26
